<?xml version="1.0" encoding="UTF-8"?>
<project-private xmlns="http://www.netbeans.org/ns/project-private/1">
    <editor-bookmarks xmlns="http://www.netbeans.org/ns/editor-bookmarks/2" lastBookmarkId="0"/>
    <open-files xmlns="http://www.netbeans.org/ns/projectui-open-files/2">
        <group>
            <file>file:/Users/zoraida/NetBeansProjects/AeropuertoJava_19dic/src/aeropuertojava_19dic/PasajeroTurista.java</file>
            <file>file:/Users/zoraida/NetBeansProjects/AeropuertoJava_19dic/src/aeropuertojava_19dic/PasajeroBusiness.java</file>
            <file>file:/Users/zoraida/NetBeansProjects/AeropuertoJava_19dic/src/aeropuertojava_19dic/Main.java</file>
            <file>file:/Users/zoraida/NetBeansProjects/AeropuertoJava_19dic/src/aeropuertojava_19dic/Pasajero.java</file>
        </group>
    </open-files>
</project-private>
