<?xml version="1.0" encoding="UTF-8"?>
<project-private xmlns="http://www.netbeans.org/ns/project-private/1">
    <editor-bookmarks xmlns="http://www.netbeans.org/ns/editor-bookmarks/2" lastBookmarkId="0"/>
    <open-files xmlns="http://www.netbeans.org/ns/projectui-open-files/2">
        <group>
            <file>file:/Users/zoraida/NetBeansProjects/Aeropuerto_12dic/README</file>
            <file>file:/Users/zoraida/NetBeansProjects/Aeropuerto_12dic/lib/main.rb</file>
            <file>file:/Users/zoraida/NetBeansProjects/Aeropuerto_12dic/lib/pasajero_business.rb</file>
            <file>file:/Users/zoraida/NetBeansProjects/Aeropuerto_12dic/lib/pasajero.rb</file>
        </group>
    </open-files>
</project-private>
