<?xml version="1.0" encoding="UTF-8"?>
<project-private xmlns="http://www.netbeans.org/ns/project-private/1">
    <editor-bookmarks xmlns="http://www.netbeans.org/ns/editor-bookmarks/2" lastBookmarkId="0"/>
    <open-files xmlns="http://www.netbeans.org/ns/projectui-open-files/2">
        <group>
            <file>file:/home/ana/Dropbox/Compartidos/14-15/teoría/Tema2/Tema21/EjemplosDelTema/El_Club/src/el_club/Club.java</file>
            <file>file:/home/ana/Dropbox/Compartidos/14-15/teoría/Tema2/Tema21/EjemplosDelTema/El_Club/src/el_club/PruebaClub.java</file>
        </group>
    </open-files>
</project-private>
